id,Arabic-female,Arabic-male,Arabic-neutral,Chinese-neutral,Chinese-neutral-informal,English-neutral,Farsi-neutral,French-female,French-male,French-neutral,German-female,German-male,Spanish-female,Spanish-male,Spanish-neutral,Urdu-english-arabic,Urdu-female,Urdu-male,Urdu-neutral,Wolof-neutral-en
0,-0.17393663733799453,0.08391354781144085,,-0.0010667738245375808,-0.48705703839412184,-0.321543733757515,-0.22618167586252547,-0.3448990725865607,0.11785503042346153,,0.3963364147443786,-0.003945746241935279,0.4726297513926519,-0.052155799978123175,,0.21743162871151245,,,0.21743162871151245,
1,0.010462514139528244,0.17740988530887036,,0.19528780001428692,-0.39229600208280935,-0.0842912539237744,-0.005606412293653997,-0.18306451370341612,0.075123497237696,0.0657826599464337,0.3482721404189387,-0.20933589068249453,0.2587522734798986,-0.1288844200224963,,,0.2472720180769912,-0.09799869639818243,,
2,-0.1915276494441774,0.20997057809451955,,0.10277659719654596,-0.14721188624365675,0.018041768109031582,0.06478853000377761,-0.39322514581742213,0.14585514790045187,0.14585514790045187,0.3266842300344508,-0.22467330490653356,0.4784607683342085,-0.20228068495875323,,,,-0.12265643748345893,,
3,-0.1864754129792681,0.17837624226230928,,0.23291201906231815,-0.20687747383663194,0.2579003142245566,0.15638862186690583,-0.10898971543757043,0.18684001212463652,,0.2895254062462207,-0.1959263197463072,0.4127863656248793,-0.2176017271570163,,,,,0.022365822864829302,
4,-0.16702995943038487,0.08887431461431726,,0.17254991820621404,-0.27833914503916185,0.0818631534389434,0.23419120642489819,,,0.01083439502424083,0.3215810592102705,-0.05630844799851236,0.17514216872714095,-0.06683077655742412,,,,,-0.14012276715811767,
5,-0.32982882341560377,-0.011350926502059946,,0.21922211754497797,-0.22199838883247325,0.17836930751258706,0.05493836062888575,-0.3769680972338869,0.19848828843239377,,0.3066695453961718,-0.19134053557351974,,,-0.08034846302549835,-0.007173738570522254,,-0.13341437234070944,,
6,-0.16806811380430095,0.13275675335510956,,0.02254873749340771,-0.3441093863002484,0.1497866129094315,-0.03853197336302131,-0.2927752994750456,0.1335338972857697,,0.2857225093882811,-0.10419340165031268,0.3762048443053577,-0.11989555472578428,,0.08460535552246017,,,,
7,,,0.053370032295867086,0.23680850160930034,-0.3388350451499502,0.10763359119484352,0.09911641555780576,-0.3720222126232736,0.11853260423535361,,0.3067258542275069,-0.16423946252283447,0.2551997469780213,-0.1936500875589916,,-0.05025460243484117,,,-0.05025460243484117,
8,,,0.1000080361402311,0.23503139361092382,-0.3122144209062999,0.062156901724174825,0.12130062937844371,-0.38641933704705883,0.2006225360986268,,0.29961859897289533,-0.20604201284613669,0.09281934087192224,-0.16575174119148084,,,,,0.019778219928156416,0.20767657976752182
9,-0.22332685299460056,0.16152408995766043,,0.14519167774922687,-0.3226554775664731,-0.03360559371939189,-0.008417018958236952,,,-0.03523325722545177,0.33826358968731746,-0.13361679820513045,,,0.0666276801074182,0.1278041914776266,,-0.06384250970685082,,
10,,,-0.06261075559223,0.055289128441695416,-0.32810805865625076,-0.12297650309575145,-0.06543566425790345,-0.37031599843426505,0.1668495675940711,0.1246012814497514,0.3417780805913996,-0.05221812075929179,0.40664887005145633,-0.14465218387031803,,0.20385139335353186,,0.08896188943284686,,
11,,,,0.15236583077168914,-0.08962779179889975,0.04364243950561839,0.039856437799128105,-0.3872951131174625,0.13117434095424638,0.03867773174230618,0.29680492615368564,-0.17566266814531561,,,-0.15499408949853674,,,,0.14977563322593915,
12,-0.1670228615406771,0.20621912878255402,,0.02067633042070157,-0.1937894726816207,-0.06301570660856265,0.11291975546114512,,,0.11044329236744742,0.3345038424399431,-0.10405896729391945,0.4209958218995368,-0.15325389784129917,,0.061619598453258186,,,-0.17859210586188481,
13,,,-0.08799238246708321,0.05529331081656132,-0.19172135792043676,-0.014283678282861294,-0.022857604054613418,-0.42403434329524253,0.181138449687914,,0.3212131797299,-0.11727609149818802,0.10199541633815466,-0.09422779987101405,,,,,,
14,-0.2310747535864853,0.10936807464511017,,0.12733884063753256,-0.23051919965358725,0.21301412311572948,0.17763602611460508,-0.31001652273697616,0.22005998441625432,,0.37380120698594627,-0.11770527585721238,0.37113251278170256,-0.169811628898282,,,,,-0.10035970568227967,
15,-0.0714257441855942,0.10409539207817073,,-0.057361984470911044,-0.34614518464855654,-0.14706801845789147,-0.03534227169015347,-0.14542671134744795,0.1919458376995043,,0.3155987210736757,-0.04381149142192906,0.35114615961039725,-0.17755179324781925,,,,,0.06915525810836487,
16,-0.01692356501633728,0.23877549242359491,,0.06471906746253461,-0.22623837980274705,0.10802643368304013,-0.06774808022302187,-0.33964134162683784,0.16811528186127978,,0.3149887619007788,-0.13370868539416625,0.02970678450238263,-0.14112688981687466,,,,,0.005531221154220696,
17,-0.11938819607584523,0.13191979389981068,,0.11974315382988077,-0.31882967297647136,0.013674076331650615,,,,0.019413876428034733,0.3424673718777278,-0.15954952825391763,,,0.030338199927844436,,,,0.058203176878009556,
18,-0.191997666827351,,,0.11734346405234056,-0.37811238612192366,-0.061298991929418116,-0.08421393500571851,-0.30610466149865867,0.059733628837539576,,0.3981506193125738,-0.11575619390541031,,,0.05210639174604975,0.03199145877982185,,,,
19,0.10031150633782704,0.2803888714486843,,0.1493684765019405,-0.2486655330050635,-0.029190215401179123,0.010194247514689503,,,-0.048709500030621286,0.3133430769984024,-0.09210244213345893,,,0.0993605987155719,,,,-0.054413649230044346,
20,-0.2538037720133271,-0.10321658497556131,,0.03777392656375319,-0.271175031967172,0.012259538922685593,-0.14410956520389778,-0.40249726168113353,0.1682189875819863,,0.3394890695192907,-0.12788301758543805,0.4856156625101742,-0.10669085689194621,,,0.37011901081323495,0.060176585842314265,,
21,-0.3029376922165732,-0.02453767002035731,,0.26106108226285435,-0.2962009623979745,0.21531582126270551,0.0035482129464559525,-0.3428574309619864,0.10579562253399577,,0.26246643793799096,-0.14353474299886695,0.32961417869141674,-0.18660707225185075,,-0.10865664071800903,,,-0.2021482242444505,
22,-0.06740515001498647,0.04315709606890238,,0.10204730333293133,-0.5012949920876443,0.06128026904772842,0.06958995825106302,-0.33788735386331975,0.23877028812511777,,0.29980084152019737,-0.2558615776697221,0.31639627175929924,-0.182059084537896,,,,,-0.009645923448174462,
23,,,0.13050539366355343,0.07467208531575298,-0.20776778260484144,-0.004628710655531742,0.04359882921247514,,,-0.12993858660874583,0.14406453567961153,0.14406453567961153,,,0.17451814710047403,,,,-0.09255867395998486,0.14932647615458303
24,-0.194207966451546,0.23538911572940924,,0.1931056409578377,-0.30227406593426764,-0.04473395955996058,-0.03732162285120897,-0.3409819468495806,0.1650340676072209,,0.30958360752736025,-0.16526974485117243,0.4165896530373056,-0.17537615905913265,,,,,0.004816301455269253,
25,,,0.0778131623122431,0.030332204833868587,-0.26060546435472215,0.1605301339679522,-0.0029511422468793663,-0.29521454916047024,0.23282443000308195,,-0.19480755866254476,-0.19480755866254476,0.2825324438188196,-0.16935004143564655,,,,,,
26,-0.16746391934998653,-0.053631564849247366,,0.13096927805134098,-0.010568671776686678,0.028389364705273215,0.030953452619466748,,,-0.018457204059141398,0.2709970050415693,-0.16104559452571018,,,-0.12338979934710323,,,,-0.173586357332433,
27,-0.36613180289187,-0.009759343703677564,,0.044087649075961126,-0.29575885185822837,0.0016318504188335542,0.010174630842082599,-0.3311505203424361,0.11166809995605034,,0.29699159845116974,-0.056980266022144725,0.3419109669627166,-0.12429952111879791,,,,,-0.03191956649052959,
28,-0.19132395567474422,0.07030395411022446,,0.1627991686976516,-0.14152043482565954,0.12661652124889827,0.006245149857666642,,,0.10987780574855463,0.2383174726875277,-0.13211354008299142,,,-0.1105232252236373,,,,,
29,,,,0.011122036982346156,-0.30481229711152485,-0.03237598815688407,-0.015636309923390313,,,0.007614672869969316,0.3315830858626866,-0.046009155509163555,,,0.03895307302454029,,,,0.04905310131758896,
30,,,,0.25382774563200433,-0.2725740746720342,0.11144644600831449,,,,0.09282891715640025,0.3810655763199478,-0.1362955635542101,0.43843504965769337,-0.14089741760527677,,,,,,
31,,,0.25731553973340276,0.19073747115579426,-0.3179255701266763,0.08638645495768665,,,,-0.03761689048636613,0.3146831825156334,-0.20634913049799097,0.44187761496066785,-0.16754616567123115,,,,,,
32,-0.05511046620931759,-0.05511046620931759,-0.05511046620931759,-0.1775168445489245,-0.7182479227135762,-0.3924927843950934,-0.15601136081674236,-0.4478995840247771,-0.4478995840247771,-0.4478995840247771,0.2938476178599576,0.2938476178599576,0.46072908646878624,0.46072908646878624,0.46072908646878624,0.3185851249016127,0.3185851249016127,0.3185851249016127,0.3185851249016127,0.533723473440658
33,0.02515914182535794,0.02515914182535794,0.02515914182535794,-0.19876653660003255,0.02303081757646754,0.04411962918557688,-0.0011014157791809827,0.20595850402175056,0.20595850402175056,0.20595850402175056,-0.12521283248592868,-0.12521283248592868,-0.20984869596703173,-0.20984869596703173,-0.20984869596703173,-0.1394911945214294,-0.1394911945214294,-0.1394911945214294,-0.1394911945214294,0.39731077165124695
34,-0.40036605986351215,-0.40036605986351215,-0.40036605986351215,0.24573520143902894,-0.4074410462935107,-0.04952435071509754,-0.26561043419705466,-0.43934593192702187,-0.43934593192702187,-0.43934593192702187,0.20934474535313896,0.20934474535313896,0.26564061410130063,0.26564061410130063,0.26564061410130063,0.33550915295541683,0.33550915295541683,0.33550915295541683,0.33550915295541683,
35,0.3714270383544544,0.3714270383544544,0.3714270383544544,0.425178101383709,0.14355927390437298,0.2618651499478058,0.17216876593011524,0.11924662776352585,0.11924662776352585,0.11924662776352585,-0.2316364113694793,-0.2316364113694793,-0.1917780600253195,-0.1917780600253195,-0.1917780600253195,-0.2864622325762463,-0.2864622325762463,-0.2864622325762463,-0.2864622325762463,
36,-0.07000316671604336,-0.07000316671604336,-0.07000316671604336,0.25109868671812346,-0.31556413385946497,-0.22466250595608403,-0.15190715994085732,-0.3982698927059723,-0.3982698927059723,-0.3982698927059723,0.25510467974624035,0.25510467974624035,0.33699075157029834,0.33699075157029834,0.33699075157029834,0.2846047726651859,0.2846047726651859,0.2846047726651859,0.2846047726651859,0.19085083186954407
37,0.13207558317655968,0.13207558317655968,0.13207558317655968,0.41144868793478157,-0.01518736589266378,0.12424080176194204,0.14676856958814044,0.1410507975090927,0.1410507975090927,0.1410507975090927,-0.1942557505611572,-0.1942557505611572,-0.1081766833192847,-0.1081766833192847,-0.1081766833192847,-0.07361759979051047,-0.07361759979051047,-0.07361759979051047,-0.07361759979051047,0.7652817859679989
38,-0.40036605986351215,-0.40036605986351215,-0.40036605986351215,-0.2697166834878416,-0.24520874736254644,-0.3712831472791823,-0.26561043419705466,-0.43934593192702187,-0.43934593192702187,-0.43934593192702187,0.23627919268586706,0.23627919268586706,0.45099522725496194,0.45099522725496194,0.45099522725496194,0.32624636127981776,0.32624636127981776,0.32624636127981776,0.32624636127981776,
39,0.07512666154148598,0.07512666154148598,0.07512666154148598,-0.16986647306636735,-0.21308245357700326,0.002329233497852373,0.17216876593011524,0.09292585173331172,0.09292585173331172,0.09292585173331172,0.07018731305680517,0.07018731305680517,-0.08278738833620224,-0.08278738833620224,-0.08278738833620224,-0.06678983166971329,-0.06678983166971329,-0.06678983166971329,-0.06678983166971329,
40,-0.47058629729859847,-0.47058629729859847,-0.47058629729859847,-0.3057220658748951,-0.36243374080554264,-0.19166164219120904,,-0.47760348864498087,-0.47760348864498087,-0.47760348864498087,0.40243128207947715,0.40243128207947715,0.41647220463109114,0.41647220463109114,0.41647220463109114,0.37343264007004034,0.37343264007004034,0.37343264007004034,0.37343264007004034,
41,-0.06346678564180916,-0.06346678564180916,-0.06346678564180916,0.32808199831531465,-0.39809261396295503,0.2228449412125182,0.1456441273975023,0.11597405487220487,0.11597405487220487,0.11597405487220487,-0.12335988159916854,-0.12335988159916854,-0.2836764177094409,-0.2836764177094409,-0.2836764177094409,-0.16906553413668007,-0.16906553413668007,-0.16906553413668007,-0.16906553413668007,0.541209201920508
42,-0.378092768465422,-0.378092768465422,-0.378092768465422,0.18982086392668285,-0.09075115463839452,-0.11643511891921647,-0.17222415973946972,-0.37475482429478274,-0.37475482429478274,-0.37475482429478274,0.21894931973254603,0.21894931973254603,0.3285182922277159,0.3285182922277159,0.3285182922277159,0.3181067835559348,0.3181067835559348,0.3181067835559348,0.3181067835559348,0.24436331807363154
43,-0.03251267351789877,-0.03251267351789877,-0.03251267351789877,0.1132699195848766,-0.10977643185323838,-0.05503665652175221,-0.2308163913004627,-0.11399511902065447,-0.11399511902065447,-0.11399511902065447,0.014803675601663508,0.014803675601663508,0.07813668751686831,0.07813668751686831,0.07813668751686831,0.159535213510198,0.159535213510198,0.159535213510198,0.159535213510198,
44,-0.37445881556544064,-0.37445881556544064,-0.37445881556544064,0.10797694928952666,-0.4133710518378706,-0.43765336097645485,-0.3470030874261099,-0.38171650892025477,-0.38171650892025477,-0.38171650892025477,0.5130872345495344,0.5130872345495344,0.40746947428194646,0.40746947428194646,0.40746947428194646,0.4270558221718892,0.4270558221718892,0.4270558221718892,0.4270558221718892,
45,0.424276305525888,0.424276305525888,0.424276305525888,-0.5190406019886205,0.06068531224524315,0.5440336289198732,0.3362378734696856,0.1406661458055082,0.1406661458055082,0.1406661458055082,-0.2668149583884684,-0.2668149583884684,-0.18876739895832353,-0.18876739895832353,-0.18876739895832353,-0.11056398620721956,-0.11056398620721956,-0.11056398620721956,-0.11056398620721956,
